{
    "A": {
        "precision": 0.9641666666666666,
        "recall": 0.9641666666666666,
        "f1-score": 0.9641666666666666,
        "support": 1200.0
    },
    "B": {
        "precision": 0.9850374064837906,
        "recall": 0.9875,
        "f1-score": 0.9862671660424469,
        "support": 1200.0
    },
    "C": {
        "precision": 0.9907640638119227,
        "recall": 0.9833333333333333,
        "f1-score": 0.9870347135089921,
        "support": 1200.0
    },
    "D": {
        "precision": 0.9661303979678239,
        "recall": 0.9508333333333333,
        "f1-score": 0.9584208315833683,
        "support": 1200.0
    },
    "E": {
        "precision": 0.947804473902237,
        "recall": 0.9533333333333334,
        "f1-score": 0.9505608641462401,
        "support": 1200.0
    },
    "F": {
        "precision": 0.9766277128547579,
        "recall": 0.975,
        "f1-score": 0.97581317764804,
        "support": 1200.0
    },
    "G": {
        "precision": 0.9791304347826087,
        "recall": 0.9383333333333334,
        "f1-score": 0.9582978723404255,
        "support": 1200.0
    },
    "H": {
        "precision": 0.9477911646586346,
        "recall": 0.9833333333333333,
        "f1-score": 0.9652351738241309,
        "support": 1200.0
    },
    "I": {
        "precision": 0.8897338403041825,
        "recall": 0.975,
        "f1-score": 0.9304174950298211,
        "support": 1200.0
    },
    "J": {
        "precision": 0.9672544080604534,
        "recall": 0.96,
        "f1-score": 0.9636135508155583,
        "support": 1200.0
    },
    "K": {
        "precision": 0.9771766694843618,
        "recall": 0.9633333333333334,
        "f1-score": 0.9702056231640789,
        "support": 1200.0
    },
    "L": {
        "precision": 0.9931623931623932,
        "recall": 0.9683333333333334,
        "f1-score": 0.980590717299578,
        "support": 1200.0
    },
    "M": {
        "precision": 0.9376646180860404,
        "recall": 0.89,
        "f1-score": 0.9132107738349722,
        "support": 1200.0
    },
    "N": {
        "precision": 0.9178541492036881,
        "recall": 0.9125,
        "f1-score": 0.9151692436272462,
        "support": 1200.0
    },
    "O": {
        "precision": 0.981023102310231,
        "recall": 0.9908333333333333,
        "f1-score": 0.9859038142620232,
        "support": 1200.0
    },
    "P": {
        "precision": 0.9825145711906744,
        "recall": 0.9833333333333333,
        "f1-score": 0.982923781757601,
        "support": 1200.0
    },
    "Q": {
        "precision": 0.9873096446700508,
        "recall": 0.9725,
        "f1-score": 0.9798488664987406,
        "support": 1200.0
    },
    "R": {
        "precision": 0.9842105263157894,
        "recall": 0.935,
        "f1-score": 0.958974358974359,
        "support": 1200.0
    },
    "S": {
        "precision": 0.9211783439490446,
        "recall": 0.9641666666666666,
        "f1-score": 0.9421824104234527,
        "support": 1200.0
    },
    "T": {
        "precision": 0.9489291598023064,
        "recall": 0.96,
        "f1-score": 0.9544324772162386,
        "support": 1200.0
    },
    "U": {
        "precision": 0.922337870296237,
        "recall": 0.96,
        "f1-score": 0.9407921600653328,
        "support": 1200.0
    },
    "V": {
        "precision": 0.9360655737704918,
        "recall": 0.9516666666666667,
        "f1-score": 0.943801652892562,
        "support": 1200.0
    },
    "W": {
        "precision": 0.9570247933884297,
        "recall": 0.965,
        "f1-score": 0.9609958506224067,
        "support": 1200.0
    },
    "X": {
        "precision": 0.9484621778886118,
        "recall": 0.9508333333333333,
        "f1-score": 0.9496462754889721,
        "support": 1200.0
    },
    "Y": {
        "precision": 0.975,
        "recall": 0.975,
        "f1-score": 0.975,
        "support": 1200.0
    },
    "Z": {
        "precision": 0.9843342036553525,
        "recall": 0.9425,
        "f1-score": 0.9629629629629629,
        "support": 1200.0
    },
    "nothing": {
        "precision": 0.9991652754590985,
        "recall": 0.9975,
        "f1-score": 0.9983319432860718,
        "support": 1200.0
    },
    "accuracy": 0.9612345679012345,
    "macro avg": {
        "precision": 0.9617723571157734,
        "recall": 0.9612345679012345,
        "f1-score": 0.9612889045919366,
        "support": 32400.0
    },
    "weighted avg": {
        "precision": 0.9617723571157735,
        "recall": 0.9612345679012345,
        "f1-score": 0.9612889045919366,
        "support": 32400.0
    }
}