{
    "A": {
        "precision": 1.0,
        "recall": 0.9958333333333333,
        "f1-score": 0.9979123173277662,
        "support": 1200.0
    },
    "B": {
        "precision": 1.0,
        "recall": 1.0,
        "f1-score": 1.0,
        "support": 1200.0
    },
    "C": {
        "precision": 0.9983361064891847,
        "recall": 1.0,
        "f1-score": 0.9991673605328892,
        "support": 1200.0
    },
    "D": {
        "precision": 0.9991666666666666,
        "recall": 0.9991666666666666,
        "f1-score": 0.9991666666666666,
        "support": 1200.0
    },
    "E": {
        "precision": 0.9991666666666666,
        "recall": 0.9991666666666666,
        "f1-score": 0.9991666666666666,
        "support": 1200.0
    },
    "F": {
        "precision": 1.0,
        "recall": 0.9983333333333333,
        "f1-score": 0.9991659716430359,
        "support": 1200.0
    },
    "G": {
        "precision": 0.9991666666666666,
        "recall": 0.9991666666666666,
        "f1-score": 0.9991666666666666,
        "support": 1200.0
    },
    "H": {
        "precision": 0.9991652754590985,
        "recall": 0.9975,
        "f1-score": 0.9983319432860718,
        "support": 1200.0
    },
    "I": {
        "precision": 0.9983333333333333,
        "recall": 0.9983333333333333,
        "f1-score": 0.9983333333333333,
        "support": 1200.0
    },
    "J": {
        "precision": 1.0,
        "recall": 0.9991666666666666,
        "f1-score": 0.9995831596498541,
        "support": 1200.0
    },
    "K": {
        "precision": 0.9991666666666666,
        "recall": 0.9991666666666666,
        "f1-score": 0.9991666666666666,
        "support": 1200.0
    },
    "L": {
        "precision": 0.9983347210657785,
        "recall": 0.9991666666666666,
        "f1-score": 0.9987505206164098,
        "support": 1200.0
    },
    "M": {
        "precision": 0.9991568296795953,
        "recall": 0.9875,
        "f1-score": 0.9932942162615256,
        "support": 1200.0
    },
    "N": {
        "precision": 0.990909090909091,
        "recall": 0.9991666666666666,
        "f1-score": 0.9950207468879668,
        "support": 1200.0
    },
    "O": {
        "precision": 1.0,
        "recall": 0.9966666666666667,
        "f1-score": 0.998330550918197,
        "support": 1200.0
    },
    "P": {
        "precision": 1.0,
        "recall": 1.0,
        "f1-score": 1.0,
        "support": 1200.0
    },
    "Q": {
        "precision": 1.0,
        "recall": 1.0,
        "f1-score": 1.0,
        "support": 1200.0
    },
    "R": {
        "precision": 0.9966777408637874,
        "recall": 1.0,
        "f1-score": 0.9983361064891847,
        "support": 1200.0
    },
    "S": {
        "precision": 0.989282769991756,
        "recall": 1.0,
        "f1-score": 0.9946125155408205,
        "support": 1200.0
    },
    "T": {
        "precision": 0.9966749792186201,
        "recall": 0.9991666666666666,
        "f1-score": 0.997919267582189,
        "support": 1200.0
    },
    "U": {
        "precision": 0.9991666666666666,
        "recall": 0.9991666666666666,
        "f1-score": 0.9991666666666666,
        "support": 1200.0
    },
    "V": {
        "precision": 1.0,
        "recall": 0.9858333333333333,
        "f1-score": 0.9928661351237935,
        "support": 1200.0
    },
    "W": {
        "precision": 0.9860312243221035,
        "recall": 1.0,
        "f1-score": 0.9929664873810509,
        "support": 1200.0
    },
    "X": {
        "precision": 0.9983333333333333,
        "recall": 0.9983333333333333,
        "f1-score": 0.9983333333333333,
        "support": 1200.0
    },
    "Y": {
        "precision": 0.9991652754590985,
        "recall": 0.9975,
        "f1-score": 0.9983319432860718,
        "support": 1200.0
    },
    "Z": {
        "precision": 1.0,
        "recall": 0.9975,
        "f1-score": 0.9987484355444305,
        "support": 1200.0
    },
    "nothing": {
        "precision": 1.0,
        "recall": 1.0,
        "f1-score": 1.0,
        "support": 1200.0
    },
    "accuracy": 0.9979938271604938,
    "macro avg": {
        "precision": 0.9980086671651153,
        "recall": 0.9979938271604937,
        "f1-score": 0.9979939880767132,
        "support": 32400.0
    },
    "weighted avg": {
        "precision": 0.9980086671651154,
        "recall": 0.9979938271604938,
        "f1-score": 0.9979939880767132,
        "support": 32400.0
    }
}