{
    "A": {
        "precision": 0.9840848806366048,
        "recall": 0.9275,
        "f1-score": 0.954954954954955,
        "support": 1200.0
    },
    "B": {
        "precision": 0.9865546218487395,
        "recall": 0.9783333333333334,
        "f1-score": 0.9824267782426779,
        "support": 1200.0
    },
    "C": {
        "precision": 0.9818631492168178,
        "recall": 0.9925,
        "f1-score": 0.9871529216742644,
        "support": 1200.0
    },
    "D": {
        "precision": 0.9452614379084967,
        "recall": 0.9641666666666666,
        "f1-score": 0.9546204620462047,
        "support": 1200.0
    },
    "E": {
        "precision": 0.958368026644463,
        "recall": 0.9591666666666666,
        "f1-score": 0.9587671803415244,
        "support": 1200.0
    },
    "F": {
        "precision": 0.9897523484201537,
        "recall": 0.9658333333333333,
        "f1-score": 0.9776465626318009,
        "support": 1200.0
    },
    "G": {
        "precision": 0.962089300758214,
        "recall": 0.9516666666666667,
        "f1-score": 0.9568496020108923,
        "support": 1200.0
    },
    "H": {
        "precision": 0.9752348420153715,
        "recall": 0.9516666666666667,
        "f1-score": 0.9633066216786166,
        "support": 1200.0
    },
    "I": {
        "precision": 0.9165341812400636,
        "recall": 0.9608333333333333,
        "f1-score": 0.9381611065907242,
        "support": 1200.0
    },
    "J": {
        "precision": 0.9340836012861736,
        "recall": 0.9683333333333334,
        "f1-score": 0.9509001636661211,
        "support": 1200.0
    },
    "K": {
        "precision": 0.9794642857142857,
        "recall": 0.9141666666666667,
        "f1-score": 0.9456896551724138,
        "support": 1200.0
    },
    "L": {
        "precision": 0.9923404255319149,
        "recall": 0.9716666666666667,
        "f1-score": 0.9818947368421053,
        "support": 1200.0
    },
    "M": {
        "precision": 0.8763608087091758,
        "recall": 0.9391666666666667,
        "f1-score": 0.9066773934030571,
        "support": 1200.0
    },
    "N": {
        "precision": 0.9571428571428572,
        "recall": 0.8933333333333333,
        "f1-score": 0.9241379310344827,
        "support": 1200.0
    },
    "O": {
        "precision": 0.9736408566721582,
        "recall": 0.985,
        "f1-score": 0.9792874896437448,
        "support": 1200.0
    },
    "P": {
        "precision": 0.9897523484201537,
        "recall": 0.9658333333333333,
        "f1-score": 0.9776465626318009,
        "support": 1200.0
    },
    "Q": {
        "precision": 0.9873203719357565,
        "recall": 0.9733333333333334,
        "f1-score": 0.980276961812841,
        "support": 1200.0
    },
    "R": {
        "precision": 0.8959627329192547,
        "recall": 0.9616666666666667,
        "f1-score": 0.927652733118971,
        "support": 1200.0
    },
    "S": {
        "precision": 0.8833976833976834,
        "recall": 0.9533333333333334,
        "f1-score": 0.9170340681362725,
        "support": 1200.0
    },
    "T": {
        "precision": 0.9362618432385874,
        "recall": 0.9058333333333334,
        "f1-score": 0.9207962727657772,
        "support": 1200.0
    },
    "U": {
        "precision": 0.9042984590429846,
        "recall": 0.9291666666666667,
        "f1-score": 0.916563912864776,
        "support": 1200.0
    },
    "V": {
        "precision": 0.8601346297681376,
        "recall": 0.9583333333333334,
        "f1-score": 0.9065825778478518,
        "support": 1200.0
    },
    "W": {
        "precision": 0.9619377162629758,
        "recall": 0.9266666666666666,
        "f1-score": 0.9439728353140917,
        "support": 1200.0
    },
    "X": {
        "precision": 0.9620141342756183,
        "recall": 0.9075,
        "f1-score": 0.9339622641509434,
        "support": 1200.0
    },
    "Y": {
        "precision": 0.975548060708263,
        "recall": 0.9641666666666666,
        "f1-score": 0.9698239731768651,
        "support": 1200.0
    },
    "Z": {
        "precision": 0.9554413024850043,
        "recall": 0.9291666666666667,
        "f1-score": 0.942120828052387,
        "support": 1200.0
    },
    "nothing": {
        "precision": 0.9991568296795953,
        "recall": 0.9875,
        "f1-score": 0.9932942162615256,
        "support": 1200.0
    },
    "accuracy": 0.9513271604938272,
    "macro avg": {
        "precision": 0.9527408050325742,
        "recall": 0.9513271604938273,
        "f1-score": 0.9515629913358404,
        "support": 32400.0
    },
    "weighted avg": {
        "precision": 0.9527408050325743,
        "recall": 0.9513271604938272,
        "f1-score": 0.9515629913358403,
        "support": 32400.0
    }
}